﻿designator,quantity,value,pack,mpn,mount_type
"C1, C15, C16, C17, C2, C4",6,10uF,CP_EIA-3216-18_Kemet-A,,smt
"C10, C14, C22",3,4.7uF,C_0402_1005Metric,,smt
"C11, C18, C20, C23, C28, C29, C30, C31, C32, C33, C35, C36, C37, C38, C39, C40, C41, C42, C43, C44, C45, C46, C47, C48, C49, C50, C51, C52, C53, C54, C55, C56, C57, C58, C59, C6, C60, C61, C62, C63, C64, C65, C66, C67, C68, C69, C7, C70, C71, C72, C73, C74, C75, C77, C78, C79, C80, C81",58,100nF,C_0201_0603Metric,,smt
"C12, C13, C24, C26, C27, C34, C8, C9",8,C-OPEN,C_0402_1005Metric,,smt
C19,1,22pF,C_0201_0603Metric,,smt
"C21, C3, C5, C83",4,12p,C_0402_1005Metric,,smt
C25,1,1nF,C_0201_0603Metric,,smt
"C76, C82",2,2u2,C_0402_1005Metric,,smt
J2,1,9-68RD-0.635SF,IC9_Series,,smt
J3,1,MEC1-108-01-S-D-RA1-SL,PinSocket_2x08_P1.27mm_Vertical_SMD,,smt
J4,1,Conn_02x10_Top_Bottom,PinHeader_2x08_P1.27mm_Vertical_SMD,,smt
L1,1,1.5uH,L_0805_2012Metric,,smt
"R1, R4",2,47,R_0402_1005Metric,,smt
"R10, R15",2,0,R_0201_0603Metric,,smt
R11,1,4.7K,R_0402_1005Metric,,smt
R12,1,13K,R_0402_1005Metric,,smt
"R13, R5, R7",3,100K,R_0402_1005Metric,,smt
R14,1,330,R_0402_1005Metric,,smt
"R16, R9",2,0,R_0402_1005Metric,,smt
"R17, R23",2,R-OPEN,R_0402_1005Metric,,smt
R2,1,220K,R_0402_1005Metric,,smt
"R21, R22",2,56,R_0402_1005Metric,,smt
"R3, R6",2,10K,R_0402_1005Metric,,smt
R8,1,49.9K,R_0402_1005Metric,,smt
"RN1, RN2, RN3, RN4, RN5, RN6, RN7",7,8 x 180R,R_Cat16-8,,smt
RN8,1,8 x 10K,R_Cat16-8,,smt
"TP1, TP2",2,TestPoint_Small,TestPoint_Pad_D1.0mm,,tht
U1,1,LT1963AxST-3.3,SOT-223-3_TabPin2,,smt
U17,1,MT48LC16M16A2TG-7E,TSOP-II-54_22.2x10.16mm_P0.8mm,,smt
U2,1,STM32F415RGTx,LQFP-64_10x10mm_P0.5mm,,smt
U3,1,AM29LV320DT90EC,TSOP-I-48_18.4x12mm_P0.5mm,,smt
U4,1,TC74LCX373FT,SSOP-20_4.4x6.5mm_P0.65mm,,smt
U5,1,XC3S400-4FT256C,Xilinx_FTG256,,smt
U6,1,LP3982IMM-ADJ,VSSOP-8_3.0x3.0mm_P0.65mm,,smt
U7,1,LTC3411EMS,DFN-10-1EP_3x3mm_P0.5mm_EP1.7x2.5mm,,smt
Y1,1,16mHz,Crystal_SMD_3225-4Pin_3.2x2.5mm,,smt
Y2,1,40mHZ,Crystal_SMD_2520-4Pin_2.5x2.0mm,,smt
