﻿pos_x,pos_y,rotation,side,designator,mpn,pack,value,mount_type,place
51.18,-67.76,-90.0,top,C1,,CP_EIA-3216-18_Kemet-A,10uF,smt,True
37.8,-65.875,0.0,top,C10,,C_0402_1005Metric,4.7uF,smt,True
63.58,-53.0,90.0,bottom,C11,,C_0201_0603Metric,100nF,smt,True
16.82,-27.05,0.0,bottom,C12,,C_0402_1005Metric,C-OPEN,smt,True
16.1,-40.5,-90.0,top,C13,,C_0402_1005Metric,C-OPEN,smt,True
28.31,-66.09,-90.0,top,C14,,C_0402_1005Metric,4.7uF,smt,True
17.05,-67.9,-90.0,top,C15,,CP_EIA-3216-18_Kemet-A,10uF,smt,True
29.95,-67.76,90.0,top,C16,,CP_EIA-3216-18_Kemet-A,10uF,smt,True
19.3,-67.9,-90.0,top,C17,,CP_EIA-3216-18_Kemet-A,10uF,smt,True
31.47,-67.225,-90.0,top,C18,,C_0201_0603Metric,100nF,smt,True
27.29,-66.3,-90.0,top,C19,,C_0201_0603Metric,22pF,smt,True
49.0,-67.76,-90.0,top,C2,,CP_EIA-3216-18_Kemet-A,10uF,smt,True
20.85,-65.86,-90.0,top,C20,,C_0201_0603Metric,100nF,smt,True
17.2,-54.33,180.0,top,C21,,C_0402_1005Metric,12p,smt,True
39.24,-68.591,-90.0,top,C22,,C_0402_1005Metric,4.7uF,smt,True
31.41,-69.43,90.0,top,C23,,C_0201_0603Metric,100nF,smt,True
16.82,-26.05,180.0,bottom,C24,,C_0402_1005Metric,C-OPEN,smt,True
23.98,-66.0,0.0,top,C25,,C_0201_0603Metric,1nF,smt,True
19.4,-50.15,-90.0,top,C26,,C_0402_1005Metric,C-OPEN,smt,True
16.82,-24.0,0.0,bottom,C27,,C_0402_1005Metric,C-OPEN,smt,True
51.2,-41.5,180.0,top,C28,,C_0201_0603Metric,100nF,smt,True
40.2,-40.36,90.0,top,C29,,C_0201_0603Metric,100nF,smt,True
16.5,-59.6,0.0,top,C3,,C_0402_1005Metric,12p,smt,True
63.8,-34.3,-90.0,top,C30,,C_0201_0603Metric,100nF,smt,True
63.8,-28.24,90.0,top,C31,,C_0201_0603Metric,100nF,smt,True
45.93,-27.1,0.0,top,C32,,C_0201_0603Metric,100nF,smt,True
63.8,-40.36,90.0,top,C33,,C_0201_0603Metric,100nF,smt,True
53.92,-27.02,180.0,top,C34,,C_0402_1005Metric,C-OPEN,smt,True
22.9,-37.5,-90.0,bottom,C35,,C_0201_0603Metric,100nF,smt,True
23.6,-37.5,-90.0,bottom,C36,,C_0201_0603Metric,100nF,smt,True
24.3,-37.5,-90.0,bottom,C37,,C_0201_0603Metric,100nF,smt,True
40.2,-28.24,90.0,top,C38,,C_0201_0603Metric,100nF,smt,True
25.0,-37.5,-90.0,bottom,C39,,C_0201_0603Metric,100nF,smt,True
62.51,-67.76,90.0,top,C4,,CP_EIA-3216-18_Kemet-A,10uF,smt,True
25.7,-37.5,-90.0,bottom,C40,,C_0201_0603Metric,100nF,smt,True
26.4,-37.5,-90.0,bottom,C41,,C_0201_0603Metric,100nF,smt,True
27.15,-37.5,-90.0,bottom,C42,,C_0201_0603Metric,100nF,smt,True
28.55,-37.5,-90.0,bottom,C43,,C_0201_0603Metric,100nF,smt,True
29.25,-37.5,-90.0,bottom,C44,,C_0201_0603Metric,100nF,smt,True
29.95,-37.5,-90.0,bottom,C45,,C_0201_0603Metric,100nF,smt,True
30.65,-37.5,-90.0,bottom,C46,,C_0201_0603Metric,100nF,smt,True
31.35,-37.5,-90.0,bottom,C47,,C_0201_0603Metric,100nF,smt,True
32.05,-37.5,-90.0,bottom,C48,,C_0201_0603Metric,100nF,smt,True
27.5,-38.6,180.0,bottom,C49,,C_0201_0603Metric,100nF,smt,True
17.0,-64.8,180.0,top,C5,,C_0402_1005Metric,12p,smt,True
27.5,-39.3,180.0,bottom,C50,,C_0201_0603Metric,100nF,smt,True
27.5,-40.0,180.0,bottom,C51,,C_0201_0603Metric,100nF,smt,True
27.5,-40.7,180.0,bottom,C52,,C_0201_0603Metric,100nF,smt,True
25.0,-46.9,-90.0,top,C53,,C_0201_0603Metric,100nF,smt,True
18.1,-40.0,180.0,top,C54,,C_0201_0603Metric,100nF,smt,True
23.85,-33.5,-90.0,bottom,C55,,C_0201_0603Metric,100nF,smt,True
27.5,-41.4,180.0,bottom,C56,,C_0201_0603Metric,100nF,smt,True
23.15,-33.5,-90.0,bottom,C57,,C_0201_0603Metric,100nF,smt,True
23.15,-41.5,90.0,bottom,C58,,C_0201_0603Metric,100nF,smt,True
27.5,-36.4,180.0,bottom,C59,,C_0201_0603Metric,100nF,smt,True
19.5,-52.5,90.0,top,C6,,C_0201_0603Metric,100nF,smt,True
23.85,-41.5,90.0,bottom,C60,,C_0201_0603Metric,100nF,smt,True
30.0,-47.0,-90.0,top,C61,,C_0201_0603Metric,100nF,smt,True
36.9,-40.0,0.0,top,C62,,C_0201_0603Metric,100nF,smt,True
27.5,-35.7,180.0,bottom,C63,,C_0201_0603Metric,100nF,smt,True
27.5,-35.0,180.0,bottom,C64,,C_0201_0603Metric,100nF,smt,True
36.9,-35.0,0.0,top,C65,,C_0201_0603Metric,100nF,smt,True
29.35,-27.6,180.0,top,C66,,C_0201_0603Metric,100nF,smt,True
31.85,-33.5,-90.0,bottom,C67,,C_0201_0603Metric,100nF,smt,True
31.15,-33.5,-90.0,bottom,C68,,C_0201_0603Metric,100nF,smt,True
31.85,-41.5,90.0,bottom,C69,,C_0201_0603Metric,100nF,smt,True
18.5,-57.1,-90.0,top,C7,,C_0201_0603Metric,100nF,smt,True
31.15,-41.5,90.0,bottom,C70,,C_0201_0603Metric,100nF,smt,True
25.0,-28.1,90.0,top,C71,,C_0201_0603Metric,100nF,smt,True
27.5,-34.3,180.0,bottom,C72,,C_0201_0603Metric,100nF,smt,True
18.1,-35.0,180.0,top,C73,,C_0201_0603Metric,100nF,smt,True
27.5,-33.6,180.0,bottom,C74,,C_0201_0603Metric,100nF,smt,True
27.85,-37.5,-90.0,bottom,C75,,C_0201_0603Metric,100nF,smt,True
32.8,-53.62,90.0,top,C76,,C_0402_1005Metric,2u2,smt,True
22.6,-64.6,180.0,top,C77,,C_0201_0603Metric,100nF,smt,True
18.5,-59.35,90.0,top,C78,,C_0201_0603Metric,100nF,smt,True
32.45,-52.2,0.0,top,C79,,C_0201_0603Metric,100nF,smt,True
16.82,-25.05,0.0,bottom,C8,,C_0402_1005Metric,C-OPEN,smt,True
20.6,-51.4,180.0,top,C80,,C_0201_0603Metric,100nF,smt,True
30.55,-63.85,180.0,top,C81,,C_0201_0603Metric,100nF,smt,True
29.33,-64.7,0.0,top,C82,,C_0402_1005Metric,2u2,smt,True
17.2,-49.73,0.0,top,C83,,C_0402_1005Metric,12p,smt,True
24.8,-26.89,180.0,top,C9,,C_0402_1005Metric,C-OPEN,smt,True
40.0,-80.8,180.0,top,J2,,IC9_Series,9-68RD-0.635SF,smt,True
49.9,-46.0,90.0,top,J3,,PinSocket_2x08_P1.27mm_Vertical_SMD,MEC1-108-01-S-D-RA1-SL,smt,True
37.5,-57.5,180.0,top,J4,,PinHeader_2x08_P1.27mm_Vertical_SMD,Conn_02x10_Top_Bottom,smt,True
21.35,-68.31,90.0,top,L1,,L_0805_2012Metric,1.5uH,smt,True
19.8,-63.83,180.0,top,R1,,R_0402_1005Metric,47,smt,True
28.54,-47.0,-90.0,top,R10,,R_0201_0603Metric,0,smt,True
29.0,-48.35,-90.0,bottom,R11,,R_0402_1005Metric,4.7K,smt,True
25.69,-66.0,180.0,top,R12,,R_0402_1005Metric,13K,smt,True
27.8,-68.6,180.0,top,R13,,R_0402_1005Metric,100K,smt,True
30.58,-48.3,0.0,top,R14,,R_0402_1005Metric,330,smt,True
19.9975,-79.68,90.0,bottom,R15,,R_0201_0603Metric,0,smt,True
50.4775,-79.5,-90.0,bottom,R16,,R_0402_1005Metric,0,smt,True
32.6975,-79.5,90.0,bottom,R17,,R_0402_1005Metric,R-OPEN,smt,True
22.25,-66.0,180.0,top,R2,,R_0402_1005Metric,220K,smt,True
37.4,-45.2,-90.0,top,R21,,R_0402_1005Metric,56,smt,True
16.38,-28.54,90.0,bottom,R22,,R_0402_1005Metric,56,smt,True
39.25,-66.625,90.0,top,R23,,R_0402_1005Metric,R-OPEN,smt,True
35.0,-51.4,0.0,bottom,R3,,R_0402_1005Metric,10K,smt,True
18.5,-48.7,180.0,top,R4,,R_0402_1005Metric,47,smt,True
34.74,-65.825,0.0,top,R5,,R_0402_1005Metric,100K,smt,True
17.6,-57.79,-90.0,top,R6,,R_0402_1005Metric,10K,smt,True
32.74,-65.825,0.0,top,R7,,R_0402_1005Metric,100K,smt,True
27.8,-67.55,180.0,top,R8,,R_0402_1005Metric,49.9K,smt,True
38.0,-51.6,180.0,top,R9,,R_0402_1005Metric,0,smt,True
19.0,-72.8,-90.0,top,RN1,,R_Cat16-8,8 x 180R,smt,True
26.0,-72.8,-90.0,top,RN2,,R_Cat16-8,8 x 180R,smt,True
33.0,-72.8,-90.0,top,RN3,,R_Cat16-8,8 x 180R,smt,True
40.0,-72.8,-90.0,top,RN4,,R_Cat16-8,8 x 180R,smt,True
47.0,-72.8,-90.0,top,RN5,,R_Cat16-8,8 x 180R,smt,True
54.0,-72.8,-90.0,top,RN6,,R_Cat16-8,8 x 180R,smt,True
61.0,-72.8,-90.0,top,RN7,,R_Cat16-8,8 x 180R,smt,True
43.5,-66.7,-90.0,top,RN8,,R_Cat16-8,8 x 10K,smt,True
33.8,-49.5,90.0,top,TP1,,TestPoint_Pad_D1.0mm,TestPoint_Small,tht,True
32.2,-49.5,0.0,top,TP2,,TestPoint_Pad_D1.0mm,TestPoint_Small,tht,True
56.71,-66.61,180.0,top,U1,,SOT-223-3_TabPin2,LT1963AxST-3.3,smt,True
52.0,-34.3,90.0,top,U17,,TSOP-II-54_22.2x10.16mm_P0.8mm,MT48LC16M16A2TG-7E,smt,True
25.6,-57.5,0.0,top,U2,,LQFP-64_10x10mm_P0.5mm,STM32F415RGTx,smt,True
53.2,-56.5,0.0,top,U3,,TSOP-I-48_18.4x12mm_P0.5mm,AM29LV320DT90EC,smt,True
60.28,-46.4,180.0,top,U4,,SSOP-20_4.4x6.5mm_P0.65mm,TC74LCX373FT,smt,True
27.5,-37.5,0.0,top,U5,,Xilinx_FTG256,XC3S400-4FT256C,smt,True
35.3,-68.15,180.0,top,U6,,VSSOP-8_3.0x3.0mm_P0.65mm,LP3982IMM-ADJ,smt,True
24.5,-68.31,0.0,top,U7,,DFN-10-1EP_3x3mm_P0.5mm_EP1.7x2.5mm,LTC3411EMS,smt,True
17.0,-62.2,-90.0,top,Y1,,Crystal_SMD_3225-4Pin_3.2x2.5mm,16mHz,smt,True
17.2,-52.03,90.0,top,Y2,,Crystal_SMD_2520-4Pin_2.5x2.0mm,40mHZ,smt,True
