﻿pos_x,pos_y,rotation,side,designator,mpn,pack,value,mount_type,place
34.482,-68.033,90.0,top,C1,,C_0201_0603Metric,100 nF,smt,True
45.672,-68.303,90.0,top,C2,,C_0201_0603Metric,100 nF,smt,True
68.892,-68.928,90.0,top,C3,,C_0201_0603Metric,100 nF,smt,True
58.042,-68.588,90.0,top,C4,,C_0201_0603Metric,100 nF,smt,True
40.072,-75.918,90.0,top,IC1,,SOP65P780X200-24N,SN74CBTD3384CDBR,smt,True
50.777,-75.998,90.0,top,IC2,,SOP65P780X200-24N,SN74CBTD3384CDBR,smt,True
62.787,-76.128,90.0,top,IC3,,SOP65P780X200-24N,SN74CBTD3384CDBR,smt,True
74.642,-76.048,90.0,top,IC4,,SOP65P780X200-24N,SN74CBTD3384CDBR,smt,True
57.5495,-99.118,180.0,top,J1,,IC9_Series,9-68RD-0.635SF,smt,True
37.512,-53.138,90.0,top,J3,,PinHeader_2x32_P1.27mm_Horizontal,Conn_02x32_Top_Bottom,tht,True
81.092,-93.598,0.0,top,R1,,R_0201_0603Metric,0,smt,True
33.812,-93.078,0.0,top,R2,,R_0201_0603Metric,0,smt,True
53.722,-89.738,-90.0,top,RN1,,R_Cat16-8,8 x 30R,smt,True
37.472,-89.538,-90.0,top,RN2,,R_Cat16-8,8 x 30R,smt,True
69.672,-89.828,-90.0,top,RN3,,R_Cat16-8,8 x 30R,smt,True
61.422,-89.868,-90.0,top,RN4,,R_Cat16-8,8 x 30R,smt,True
77.532,-89.808,-90.0,top,RN5,,R_Cat16-8,8 x 30R,smt,True
45.912,-89.658,-90.0,top,RN6,,R_Cat16-8,8 x 30R,smt,True
